p,speaker,start_second,t_center,t_end
0.0009232009445642265,MER_Confid_016,655.52,39332.7,658.52
0.000776638803086634,MER_Confid_016,655.56,39335.1,658.56
0.0014215511083744445,MER_Confid_016,655.6,39337.5,658.6
0.0004399899963449131,MER_Confid_016,655.64,39339.9,658.64
0.0005305009485266699,MER_Confid_016,655.68,39342.299999999996,658.68
0.0003093347117554108,MER_Confid_016,655.72,39344.700000000004,658.72
0.00041394532358939495,MER_Confid_016,655.76,39347.1,658.76
0.0009124004614042741,MER_Confid_016,655.8,39349.5,658.8
0.0017512277249601082,MER_Confid_016,655.84,39351.9,658.84
0.0006894730412295142,MER_Confid_016,655.88,39354.3,658.88
0.0006434294871312122,MER_Confid_016,655.92,39356.7,658.92
0.0006772117894015685,MER_Confid_016,655.96,39359.100000000006,658.96
0.0008658037647000552,MER_Confid_016,656.0,39361.5,659.0
0.0005974592574382588,MER_Confid_016,656.04,39363.899999999994,659.04
0.0003506576527784926,MER_Confid_016,656.08,39366.3,659.08
0.0004313264923824266,MER_Confid_016,656.12,39368.7,659.12
0.00040060068968327504,MER_Confid_016,656.16,39371.1,659.16
0.0006253921322542513,MER_Confid_016,656.2,39373.5,659.2
0.0008492944931680461,MER_Confid_016,656.24,39375.9,659.24
0.0007496731382583131,MER_Confid_016,656.28,39378.299999999996,659.28
0.0009496599735113239,MER_Confid_016,656.32,39380.700000000004,659.32
0.0007184751599802948,MER_Confid_016,656.36,39383.1,659.36
0.0009296371030116821,MER_Confid_016,656.4,39385.5,659.4
0.0009242146308215327,MER_Confid_016,656.44,39387.9,659.44
0.00036566578309418703,MER_Confid_016,656.48,39390.3,659.48
0.0007784614036713677,MER_Confid_016,656.52,39392.7,659.52
0.0002081071249808525,MER_Confid_016,656.56,39395.1,659.56
0.002102428924876173,MER_Confid_016,804.96,48299.100000000006,807.96
0.0014132373207630482,MER_Confid_016,805.0,48301.5,808.0
0.0019635790850639242,MER_Confid_016,805.04,48303.899999999994,808.04
0.0010735611920880083,MER_Confid_016,805.08,48306.3,808.08
0.0014622740710985812,MER_Confid_016,805.12,48308.7,808.12
0.002050458908895808,MER_Confid_016,805.16,48311.1,808.16
0.001336005927357754,MER_Confid_016,805.2,48313.5,808.2
0.002783132962528607,MER_Confid_016,805.24,48315.9,808.24
0.0009708712452903154,MER_Confid_016,805.28,48318.299999999996,808.28
0.0009799775721594148,MER_Confid_016,805.32,48320.700000000004,808.32
0.0018516487507388257,MER_Confid_016,805.36,48323.1,808.36
0.0008064098822678022,MER_Confid_016,805.4,48325.5,808.4
0.0008731695034254524,MER_Confid_016,805.44,48327.9,808.44
0.0013015847004834102,MER_Confid_016,805.48,48330.3,808.48
0.0006480206881802561,MER_Confid_016,805.52,48332.7,808.52
0.0011987143693886996,MER_Confid_016,805.56,48335.1,808.56
0.0014914552928905786,MER_Confid_016,805.6,48337.5,808.6
0.0044262103185241965,MER_Confid_016,805.64,48339.9,808.64
0.0020737275633398895,MER_Confid_016,805.68,48342.299999999996,808.68
0.0005139284971932179,MER_Confid_016,805.72,48344.700000000004,808.72
0.0015445588319817365,MER_Confid_016,805.76,48347.1,808.76
0.0007196612290850212,MER_Confid_016,805.8,48349.5,808.8
0.00041077210579621375,MER_Confid_016,805.84,48351.9,808.84
0.0016088986736678848,MER_Confid_016,805.88,48354.3,808.88
0.0017534087015648888,MER_Confid_016,805.92,48356.7,808.92
0.0012005346091820402,MER_Confid_016,805.96,48359.100000000006,808.96
0.004191425162893393,MER_Confid_016,806.0,48361.5,809.0
0.00401871662337791,MER_Confid_016,806.04,48363.899999999994,809.04
0.002148308995282557,MER_Confid_016,806.08,48366.3,809.08
0.0012511923520781957,MER_Confid_016,806.12,48368.7,809.12
0.0035400295476940733,MER_Confid_016,806.16,48371.1,809.16
0.0012933912733430523,MER_Confid_016,806.2,48373.5,809.2
0.0013078645338740794,MER_Confid_016,806.24,48375.9,809.24
0.006147456862443252,MER_Confid_016,806.28,48378.299999999996,809.28
0.005013735910955826,MER_Confid_016,806.32,48380.700000000004,809.32
0.0046732340603281314,MER_Confid_016,806.36,48383.1,809.36
0.0052108583792639255,MER_Confid_016,806.4,48385.5,809.4
0.009200661773918848,MER_Confid_016,806.44,48387.9,809.44
0.003442847821839329,MER_Confid_016,806.48,48390.3,809.48
0.000758847247538502,MER_Confid_016,806.52,48392.7,809.52
0.006643311143146306,MER_Confid_016,806.56,48395.1,809.56
0.0024492683572929523,MER_Confid_016,806.6,48397.5,809.6
0.0010145030083751924,MER_Confid_016,806.64,48399.9,809.64
0.0027677881702492884,MER_Confid_016,806.68,48402.299999999996,809.68
0.002278798323796645,MER_Confid_016,806.72,48404.700000000004,809.72
0.001550920009216316,MER_Confid_016,806.76,48407.1,809.76
0.0024408245842199496,MER_Confid_016,806.8,48409.5,809.8
0.0037142447419412773,MER_Confid_016,806.84,48411.9,809.84
0.0023918248889610544,MER_Confid_016,806.88,48414.3,809.88
0.00032616129194499487,MER_Confid_016,806.92,48416.7,809.92
0.002945377690937836,MER_Confid_016,806.96,48419.100000000006,809.96
0.0017756872828957756,MER_Confid_016,807.0,48421.5,810.0
0.0032293867282137062,MER_Confid_016,807.04,48423.899999999994,810.04
0.006840018334530371,MER_Confid_016,807.08,48426.3,810.08
0.011538027525152539,MER_Confid_016,807.12,48428.7,810.12
0.0035823358936509417,MER_Confid_016,807.16,48431.1,810.16
0.0038266159375528437,MER_Confid_016,807.2,48433.5,810.2
0.05184701101216742,MER_Confid_016,807.24,48435.9,810.24
0.007934628891790259,MER_Confid_016,807.28,48438.299999999996,810.28
0.006835180355439248,MER_Confid_016,807.32,48440.700000000004,810.32
0.012027522492541538,MER_Confid_016,807.36,48443.1,810.36
0.017510347520193942,MER_Confid_016,807.4,48445.5,810.4
0.04526944594297906,MER_Confid_016,807.44,48447.9,810.44
0.02557107599664582,MER_Confid_016,807.48,48450.3,810.48
0.023561274472493378,MER_Confid_016,807.52,48452.7,810.52
0.017186131046974557,MER_Confid_016,807.56,48455.1,810.56
0.011785271680235545,MER_Confid_016,807.6,48457.5,810.6
0.06169056576059863,MER_Confid_016,807.64,48459.9,810.64
0.02756918297812054,MER_Confid_016,807.68,48462.299999999996,810.68
0.03213647777581436,MER_Confid_016,807.72,48464.700000000004,810.72
0.03275481000471828,MER_Confid_016,807.76,48467.1,810.76
0.021292436934520736,MER_Confid_016,807.8,48469.5,810.8
0.014980037686305578,MER_Confid_016,807.84,48471.9,810.84
0.0061918910759833235,MER_Confid_016,807.88,48474.3,810.88
0.006242892433736393,MER_Confid_016,807.92,48476.7,810.92
0.015251479484246275,MER_Confid_016,807.96,48479.100000000006,810.96
0.06593901678762752,MER_Confid_016,808.0,48481.5,811.0
0.07301143007196358,MER_Confid_016,808.04,48483.899999999994,811.04
0.026176889395357915,MER_Confid_016,808.08,48486.3,811.08
0.037450245979393254,MER_Confid_016,808.12,48488.7,811.12
0.013233350570245578,MER_Confid_016,808.16,48491.1,811.16
0.05997369998084959,MER_Confid_016,808.2,48493.5,811.2
0.06714004148059302,MER_Confid_016,808.24,48495.9,811.24
0.021204594472973032,MER_Confid_016,808.28,48498.299999999996,811.28
0.024250864130218285,MER_Confid_016,808.32,48500.700000000004,811.32
0.08180834745255755,MER_Confid_016,808.36,48503.1,811.36
0.07003561861577444,MER_Confid_016,808.4,48505.5,811.4
0.12985465923857192,MER_Confid_016,808.44,48507.9,811.44
0.1273679077161865,MER_Confid_016,808.48,48510.3,811.48
0.14443181899505558,MER_Confid_016,808.52,48512.7,811.52
0.10060770750531188,MER_Confid_016,808.56,48515.1,811.56
0.05518389367209882,MER_Confid_016,808.6,48517.5,811.6
0.039260173530828356,MER_Confid_016,808.64,48519.9,811.64
0.032625055699114475,MER_Confid_016,808.68,48522.299999999996,811.68
0.0168623842644651,MER_Confid_016,808.72,48524.700000000004,811.72
0.025414008290968265,MER_Confid_016,808.76,48527.1,811.76
0.015499621284685986,MER_Confid_016,808.8,48529.5,811.8
0.021363608580230842,MER_Confid_016,808.84,48531.9,811.84
0.021313437114524898,MER_Confid_016,808.88,48534.3,811.88
0.014791833197892314,MER_Confid_016,808.92,48536.7,811.92
0.011387145920263938,MER_Confid_016,808.96,48539.100000000006,811.96
0.008423341712119153,MER_Confid_016,809.0,48541.5,812.0
0.005801757880619561,MER_Confid_016,809.04,48543.899999999994,812.04
0.010243480828689531,MER_Confid_016,809.08,48546.3,812.08
0.042018040804674125,MER_Confid_016,809.12,48548.7,812.12
0.02156785362443021,MER_Confid_016,809.16,48551.1,812.16
0.010496985685778528,MER_Confid_016,809.2,48553.5,812.2
0.012637426439250796,MER_Confid_016,809.24,48555.9,812.24
0.011938287558955742,MER_Confid_016,809.28,48558.299999999996,812.28
0.017543230977197365,MER_Confid_016,809.32,48560.700000000004,812.32
0.0093389739787418,MER_Confid_016,809.36,48563.1,812.36
0.011653703155835029,MER_Confid_016,809.4,48565.5,812.4
0.006664369431212152,MER_Confid_016,809.44,48567.9,812.44
0.0033106502465803473,MER_Confid_016,809.48,48570.3,812.48
0.01101638963343235,MER_Confid_016,809.52,48572.7,812.52
0.005639390112175109,MER_Confid_016,809.56,48575.1,812.56
0.0020705775530667765,MER_Confid_016,809.6,48577.5,812.6
0.002603358005603341,MER_Confid_016,809.64,48579.9,812.64
0.005459830469719114,MER_Confid_016,809.68,48582.299999999996,812.68
0.010337009865064218,MER_Confid_016,809.72,48584.700000000004,812.72
0.005257679456630093,MER_Confid_016,809.76,48587.1,812.76
0.006255862251788683,MER_Confid_016,809.8,48589.5,812.8
0.005369772804586394,MER_Confid_016,809.84,48591.9,812.84
0.012708043200278721,MER_Confid_016,809.88,48594.3,812.88
0.01533630726257649,MER_Confid_016,809.92,48596.7,812.92
0.008210301992947618,MER_Confid_016,809.96,48599.100000000006,812.96
0.012318582170202957,MER_Confid_016,810.0,48601.5,813.0
0.018958772954378512,MER_Confid_016,810.04,48603.899999999994,813.04
0.030754777139359653,MER_Confid_016,810.08,48606.3,813.08
0.028694115164028162,MER_Confid_016,810.12,48608.7,813.12
0.016304799814128773,MER_Confid_016,810.16,48611.1,813.16
0.007033031934148549,MER_Confid_016,810.2,48613.5,813.2
0.014286948012343965,MER_Confid_016,810.24,48615.9,813.24
0.010582538159867937,MER_Confid_016,810.28,48618.299999999996,813.28
0.014709677172192025,MER_Confid_016,810.32,48620.700000000004,813.32
0.019827696708997398,MER_Confid_016,810.36,48623.1,813.36
0.04411828045982288,MER_Confid_016,810.4,48625.5,813.4
0.034697252818941315,MER_Confid_016,810.44,48627.9,813.44
0.026500932824345878,MER_Confid_016,810.48,48630.3,813.48
0.062452087001856636,MER_Confid_016,810.52,48632.7,813.52
0.6142048569783803,MER_Confid_016,1120.7709977324264,67247.75986394558,1123.7709977324264
0.831070574585139,MER_Confid_016,1120.8109977324264,67250.15986394558,1123.8109977324264
0.9380797136707881,MER_Confid_016,1120.8509977324263,67252.55986394559,1123.8509977324263
0.8156808624792176,MER_Confid_016,1120.8909977324263,67254.95986394558,1123.8909977324263
0.8189482360656222,MER_Confid_016,1120.9309977324262,67257.35986394557,1123.9309977324262
0.8329489470621579,MER_Confid_016,1120.9709977324262,67259.75986394557,1123.9709977324262
0.8364427356758355,MER_Confid_016,1121.0109977324264,67262.15986394559,1124.0109977324264
0.7279002608270364,MER_Confid_016,1121.0509977324264,67264.55986394559,1124.0509977324264
0.6096551949478191,MER_Confid_016,1121.0909977324263,67266.95986394558,1124.0909977324263
0.7742696379011172,MER_Confid_016,1121.1309977324263,67269.35986394557,1124.1309977324263
0.6340442016571362,MER_Confid_016,1121.1709977324263,67271.75986394557,1124.1709977324263
0.8380766799588317,MER_Confid_016,1121.2109977324262,67274.15986394558,1124.2109977324262
0.9129974305447003,MER_Confid_016,1121.2509977324264,67276.55986394559,1124.2509977324264
0.8138569374709759,MER_Confid_016,1121.2909977324264,67278.95986394558,1124.2909977324264
0.9371331393830243,MER_Confid_016,1121.3309977324263,67281.35986394557,1124.3309977324263
0.9387864399855242,MER_Confid_016,1121.3709977324263,67283.75986394558,1124.3709977324263
0.86559579682236,MER_Confid_016,1121.4109977324263,67286.15986394558,1124.4109977324263
0.7304670382407471,MER_Confid_016,1121.4509977324262,67288.55986394557,1124.4509977324262
0.2501345664705648,MER_Confid_016,1121.4909977324262,67290.95986394557,1124.4909977324262
0.30069552620471285,MER_Confid_016,1121.5309977324264,67293.35986394559,1124.5309977324264
0.597375039588205,MER_Confid_016,1121.5709977324263,67295.75986394558,1124.5709977324263
0.6132849879848679,MER_Confid_016,1121.6109977324263,67298.15986394558,1124.6109977324263
0.8870866968220206,MER_Confid_016,1121.6509977324263,67300.55986394557,1124.6509977324263
0.15930145751024144,MER_Confid_016,1121.6909977324262,67302.95986394558,1124.6909977324262
0.18368783102315153,MER_Confid_016,1121.7309977324262,67305.35986394557,1124.7309977324262
0.02571713924651268,MER_Confid_016,1121.7709977324264,67307.75986394558,1124.7709977324264
0.03169176146796638,MER_Confid_016,1121.8109977324264,67310.15986394558,1124.8109977324264
0.005494297224683252,MER_Confid_016,1121.8509977324263,67312.55986394559,1124.8509977324263
0.06306664849188989,MER_Confid_016,1121.8909977324263,67314.95986394558,1124.8909977324263
0.2046620919444291,MER_Confid_016,1121.9309977324262,67317.35986394557,1124.9309977324262
0.13599413115785017,MER_Confid_016,1121.9709977324262,67319.75986394557,1124.9709977324262
0.23592872418380176,MER_Confid_016,1122.0109977324264,67322.15986394559,1125.0109977324264
0.24643151955666096,MER_Confid_016,1122.0509977324264,67324.55986394559,1125.0509977324264
0.022866132613461078,MER_Confid_016,1122.0909977324263,67326.95986394558,1125.0909977324263
0.07927700497626597,MER_Confid_016,1122.1309977324263,67329.35986394557,1125.1309977324263
0.08663638225802928,MER_Confid_016,1122.1709977324263,67331.75986394557,1125.1709977324263
0.07034746585012575,MER_Confid_016,1122.2109977324262,67334.15986394558,1125.2109977324262
0.02230730203577799,MER_Confid_016,1122.2509977324264,67336.55986394559,1125.2509977324264
0.06083574566697526,MER_Confid_016,1122.2909977324264,67338.95986394558,1125.2909977324264
0.3119813892698178,MER_Confid_016,1122.3309977324263,67341.35986394557,1125.3309977324263
0.06352918725393396,MER_Confid_016,1122.3709977324263,67343.75986394558,1125.3709977324263
0.024717968293248876,MER_Confid_016,1122.4109977324263,67346.15986394558,1125.4109977324263
0.09214089803839587,MER_Confid_016,1122.4509977324262,67348.55986394557,1125.4509977324262
0.14508786115541045,MER_Confid_016,1122.4909977324262,67350.95986394557,1125.4909977324262
0.10172547667174611,MER_Confid_016,1122.5309977324264,67353.35986394559,1125.5309977324264
0.0667803944434067,MER_Confid_016,1122.5709977324263,67355.75986394558,1125.5709977324263
0.05311976595368022,MER_Confid_016,1122.6109977324263,67358.15986394558,1125.6109977324263
0.007625885638673401,MER_Confid_016,1122.6509977324263,67360.55986394557,1125.6509977324263
0.01680453949682288,MER_Confid_016,1122.6909977324262,67362.95986394558,1125.6909977324262
0.003447802889389752,MER_Confid_016,1122.7309977324262,67365.35986394557,1125.7309977324262
0.008334329050132872,MER_Confid_016,1122.7709977324264,67367.75986394558,1125.7709977324264
0.008092723655293578,MER_Confid_016,1122.8109977324264,67370.15986394558,1125.8109977324264
0.011654229566392732,MER_Confid_016,1122.8509977324263,67372.55986394559,1125.8509977324263
0.001990730153012767,MER_Confid_016,1122.8909977324263,67374.95986394558,1125.8909977324263
0.011101115677000362,MER_Confid_016,1122.9309977324262,67377.35986394557,1125.9309977324262
0.01651681770865556,MER_Confid_016,1122.9709977324262,67379.75986394557,1125.9709977324262
0.002073824886762542,MER_Confid_016,1123.0109977324264,67382.15986394559,1126.0109977324264
0.013023297403872121,MER_Confid_016,1123.0509977324264,67384.55986394559,1126.0509977324264
0.0269950998771874,MER_Confid_016,1123.0909977324263,67386.95986394558,1126.0909977324263
0.00559666049099051,MER_Confid_016,1123.1309977324263,67389.35986394557,1126.1309977324263
0.008139936360525972,MER_Confid_016,1123.1709977324263,67391.75986394557,1126.1709977324263
0.009808236291070678,MER_Confid_016,1123.2109977324262,67394.15986394558,1126.2109977324262
0.023527076934705547,MER_Confid_016,1123.2509977324264,67396.55986394559,1126.2509977324264
0.9013729285549414,MER_Confid_016,1404.08,84246.29999999999,1407.08
0.9557405385901031,MER_Confid_016,1404.12,84248.7,1407.12
0.9739788564460722,MER_Confid_016,1404.16,84251.1,1407.16
0.9754201093722155,MER_Confid_016,1404.2,84253.5,1407.2
0.9391133645534303,MER_Confid_016,1404.24,84255.9,1407.24
0.9020866934943068,MER_Confid_016,1404.28,84258.3,1407.28
0.9028986319447845,MER_Confid_016,1404.32,84260.7,1407.32
0.910975477588536,MER_Confid_016,1404.36,84263.09999999999,1407.36
0.8020050874957957,MER_Confid_016,1404.4,84265.5,1407.4
0.8747521783485592,MER_Confid_016,1404.44,84267.90000000001,1407.44
0.7675670963090281,MER_Confid_016,1404.48,84270.3,1407.48
0.7875582842249325,MER_Confid_016,1404.52,84272.7,1407.52
0.7531830053648645,MER_Confid_016,1404.56,84275.09999999999,1407.56
0.8466420869706148,MER_Confid_016,1404.6,84277.5,1407.6
0.9330517766203688,MER_Confid_016,1404.64,84279.90000000001,1407.64
0.9264661796323758,MER_Confid_016,1404.68,84282.3,1407.68
0.8889748450127235,MER_Confid_016,1404.72,84284.7,1407.72
0.8410432062602413,MER_Confid_016,1404.76,84287.1,1407.76
0.8020302054970998,MER_Confid_016,1404.8,84289.5,1407.8
0.8810116700593446,MER_Confid_016,1404.84,84291.9,1407.84
0.9062747802484333,MER_Confid_016,1404.88,84294.3,1407.88
0.5450900831220478,MER_Confid_016,1404.92,84296.70000000001,1407.92
0.7111700408007564,MER_Confid_016,1404.96,84299.1,1407.96
0.8833565181020752,MER_Confid_016,1405.0,84301.5,1408.0
0.9200626162194756,MER_Confid_016,1405.04,84303.9,1408.04
0.8495242522040811,MER_Confid_016,1405.08,84306.29999999999,1408.08
0.8763806679475244,MER_Confid_016,1405.12,84308.7,1408.12
0.855258141432315,MER_Confid_016,1405.16,84311.1,1408.16
0.8881629513790537,MER_Confid_016,1405.2,84313.5,1408.2
0.8647809700411178,MER_Confid_016,1405.24,84315.9,1408.24
0.955294232544486,MER_Confid_016,1405.28,84318.3,1408.28
0.7535385814894102,MER_Confid_016,1405.32,84320.7,1408.32
0.6289387028819172,MER_Confid_016,1405.36,84323.09999999999,1408.36
0.8133670243631281,MER_Confid_016,1405.4,84325.5,1408.4
0.9187048086349276,MER_Confid_016,1405.44,84327.90000000001,1408.44
0.7367391443460671,MER_Confid_016,1405.48,84330.3,1408.48
0.8856883771311507,MER_Confid_016,1405.52,84332.7,1408.52
0.8676387180538543,MER_Confid_016,1405.56,84335.09999999999,1408.56
0.9033946239425367,MER_Confid_016,1405.6,84337.5,1408.6
0.8753627791809612,MER_Confid_016,1405.64,84339.90000000001,1408.64
0.8851789261948783,MER_Confid_016,1405.68,84342.3,1408.68
0.8339839436166536,MER_Confid_016,1405.72,84344.7,1408.72
0.46992088423121386,MER_Confid_016,1405.76,84347.1,1408.76
0.6651337512482234,MER_Confid_016,1405.8,84349.5,1408.8
0.9038622234590181,MER_Confid_016,1405.84,84351.9,1408.84
0.8756586185071095,MER_Confid_016,1405.88,84354.3,1408.88
0.8748690174029558,MER_Confid_016,1405.92,84356.70000000001,1408.92
0.8970577551660002,MER_Confid_016,1405.96,84359.1,1408.96
0.8944453389993428,MER_Confid_016,1406.0,84361.5,1409.0
0.8356920669976432,MER_Confid_016,1406.04,84363.9,1409.04
0.01498596305279299,MER_Confid_016,1852.2249886621314,111134.99931972788,1855.2249886621314
0.008045341977673308,MER_Confid_016,1852.2649886621316,111137.39931972789,1855.2649886621316
0.017810032855452393,MER_Confid_016,1852.3049886621316,111139.7993197279,1855.3049886621316
0.021656679809252965,MER_Confid_016,1852.3449886621315,111142.1993197279,1855.3449886621315
0.024903738586011637,MER_Confid_016,1852.3849886621315,111144.59931972789,1855.3849886621315
0.02026625451895922,MER_Confid_016,1852.4249886621315,111146.99931972788,1855.4249886621315
0.01509192780217651,MER_Confid_016,1852.4649886621314,111149.39931972789,1855.4649886621314
0.011880769690993494,MER_Confid_016,1852.5049886621316,111151.7993197279,1855.5049886621316
0.12065221578228909,MER_Confid_016,1852.5449886621316,111154.1993197279,1855.5449886621316
0.03160537994127605,MER_Confid_016,1852.5849886621315,111156.59931972789,1855.5849886621315
0.017645932952898617,MER_Confid_016,1852.6249886621315,111158.9993197279,1855.6249886621315
0.035980307560836804,MER_Confid_016,1852.6649886621315,111161.39931972789,1855.6649886621315
0.04495904546630623,MER_Confid_016,1852.7049886621314,111163.79931972788,1855.7049886621314
0.029293718562352185,MER_Confid_016,1852.7449886621316,111166.1993197279,1855.7449886621316
0.045765416995885655,MER_Confid_016,1852.7849886621316,111168.59931972789,1855.7849886621316
0.03012129770815198,MER_Confid_016,1852.8249886621315,111170.9993197279,1855.8249886621315
0.013156349826123282,MER_Confid_016,1852.8649886621315,111173.39931972789,1855.8649886621315
0.010449718660875745,MER_Confid_016,1852.9049886621315,111175.79931972788,1855.9049886621315
0.023623396704004325,MER_Confid_016,1852.9449886621314,111178.1993197279,1855.9449886621314
0.04510434693003008,MER_Confid_016,1852.9849886621316,111180.5993197279,1855.9849886621316
0.04111799143192961,MER_Confid_016,1853.0249886621316,111182.9993197279,1856.0249886621316
0.04629113361179271,MER_Confid_016,1853.0649886621316,111185.39931972789,1856.0649886621316
0.2516636854889048,MER_Confid_016,1853.1049886621315,111187.79931972788,1856.1049886621315
0.05434128430019151,MER_Confid_016,1853.1449886621315,111190.1993197279,1856.1449886621315
0.04725541618284397,MER_Confid_016,1853.1849886621314,111192.59931972789,1856.1849886621314
0.05339983105326022,MER_Confid_016,1853.2249886621314,111194.99931972788,1856.2249886621314
0.017638131163503303,MER_Confid_016,1853.2649886621316,111197.39931972789,1856.2649886621316
0.034142327641526124,MER_Confid_016,1853.3049886621316,111199.7993197279,1856.3049886621316
0.09886213751829151,MER_Confid_016,1853.3449886621315,111202.1993197279,1856.3449886621315
0.05125156564284429,MER_Confid_016,1853.3849886621315,111204.59931972789,1856.3849886621315
0.012385091560664906,MER_Confid_016,1853.4249886621315,111206.99931972788,1856.4249886621315
0.017082531677951863,MER_Confid_016,1853.4649886621314,111209.39931972789,1856.4649886621314
0.023278618001257734,MER_Confid_016,1853.5049886621316,111211.7993197279,1856.5049886621316
0.024443392608487376,MER_Confid_016,1853.5449886621316,111214.1993197279,1856.5449886621316
0.03142049419750388,MER_Confid_016,1853.5849886621315,111216.59931972789,1856.5849886621315
0.028911836229662827,MER_Confid_016,1853.6249886621315,111218.9993197279,1856.6249886621315
0.022686356104970575,MER_Confid_016,1853.6649886621315,111221.39931972789,1856.6649886621315
0.014432225718315346,MER_Confid_016,1853.7049886621314,111223.79931972788,1856.7049886621314
0.03426926297050885,MER_Confid_016,1853.7449886621316,111226.1993197279,1856.7449886621316
0.04436031613227841,MER_Confid_016,1853.7849886621316,111228.59931972789,1856.7849886621316
0.007881513828333332,MER_Confid_016,1853.8249886621315,111230.9993197279,1856.8249886621315
0.009073676125040592,MER_Confid_016,1853.8649886621315,111233.39931972789,1856.8649886621315
0.036699532121122425,MER_Confid_016,1853.9049886621315,111235.79931972788,1856.9049886621315
0.03724276309777864,MER_Confid_016,1853.9449886621314,111238.1993197279,1856.9449886621314
0.024240748664359178,MER_Confid_016,1853.9849886621316,111240.5993197279,1856.9849886621316
0.028788486835947077,MER_Confid_016,1854.0249886621316,111242.9993197279,1857.0249886621316
0.01967440278364899,MER_Confid_016,1854.0649886621316,111245.39931972789,1857.0649886621316
0.025053694357889626,MER_Confid_016,1854.1049886621315,111247.79931972788,1857.1049886621315
0.020464392489147862,MER_Confid_016,1854.1449886621315,111250.1993197279,1857.1449886621315
0.02225370910314225,MER_Confid_016,1854.1849886621314,111252.59931972789,1857.1849886621314
0.01358856017183202,MER_Confid_016,1854.2249886621314,111254.99931972788,1857.2249886621314
0.02333719278807804,MER_Confid_016,1854.2649886621316,111257.39931972789,1857.2649886621316
0.04467734785913111,MER_Confid_016,1854.3049886621316,111259.7993197279,1857.3049886621316
0.03461156876038372,MER_Confid_016,1854.3449886621315,111262.1993197279,1857.3449886621315
0.04007371198517726,MER_Confid_016,1854.3849886621315,111264.59931972789,1857.3849886621315
0.03635287475989136,MER_Confid_016,1854.4249886621315,111266.99931972788,1857.4249886621315
0.03479557219681631,MER_Confid_016,1854.4649886621314,111269.39931972789,1857.4649886621314
0.02864090545714528,MER_Confid_016,1854.5049886621316,111271.7993197279,1857.5049886621316
0.01728593632771657,MER_Confid_016,1854.5449886621316,111274.1993197279,1857.5449886621316
0.02543959962899646,MER_Confid_016,1854.5849886621315,111276.59931972789,1857.5849886621315
0.027486518123269257,MER_Confid_016,1854.6249886621315,111278.9993197279,1857.6249886621315
0.016515989774076173,MER_Confid_016,1854.6649886621315,111281.39931972789,1857.6649886621315
0.027303106589232323,MER_Confid_016,1854.7049886621314,111283.79931972788,1857.7049886621314
0.002322798610508015,MER_Confid_016,2166.8209977324263,130010.75986394558,2169.8209977324263
0.00921273312543998,MER_Confid_016,2166.8609977324263,130013.15986394558,2169.8609977324263
0.007126752354741706,MER_Confid_016,2166.9009977324263,130015.55986394557,2169.9009977324263
0.0038299495733024195,MER_Confid_016,2166.9409977324262,130017.95986394558,2169.9409977324262
0.004028363389596571,MER_Confid_016,2166.980997732426,130020.35986394557,2169.980997732426
0.004132018394265111,MER_Confid_016,2167.020997732426,130022.75986394557,2170.020997732426
0.0028483401427173796,MER_Confid_016,2167.060997732426,130025.15986394556,2170.060997732426
0.00229427192424202,MER_Confid_016,2167.100997732426,130027.55986394557,2170.100997732426
0.007585595405434721,MER_Confid_016,2167.1409977324265,130029.9598639456,2170.1409977324265
0.0038274896347936494,MER_Confid_016,2167.1809977324265,130032.35986394559,2170.1809977324265
0.004115217144062322,MER_Confid_016,2167.2209977324264,130034.75986394558,2170.2209977324264
0.0064902876892180186,MER_Confid_016,2167.2609977324264,130037.15986394559,2170.2609977324264
0.011191587110463745,MER_Confid_016,2167.3009977324264,130039.55986394559,2170.3009977324264
0.00427035147837896,MER_Confid_016,2167.3409977324263,130041.95986394558,2170.3409977324263
0.002604375007030791,MER_Confid_016,2167.3809977324263,130044.35986394557,2170.3809977324263
0.007695404494618187,MER_Confid_016,2167.4209977324263,130046.75986394557,2170.4209977324263
0.0055855664882620455,MER_Confid_016,2167.460997732426,130049.15986394558,2170.460997732426
0.002637364502989804,MER_Confid_016,2167.500997732426,130051.55986394557,2170.500997732426
0.005834946936554701,MER_Confid_016,2167.540997732426,130053.95986394557,2170.540997732426
0.0031658610822110256,MER_Confid_016,2167.580997732426,130056.35986394557,2170.580997732426
0.005663581794571327,MER_Confid_016,2167.6209977324265,130058.7598639456,2170.6209977324265
0.005219743431772975,MER_Confid_016,2167.6609977324265,130061.15986394559,2170.6609977324265
0.005072853457741231,MER_Confid_016,2167.7009977324265,130063.55986394559,2170.7009977324265
0.0024375475856037235,MER_Confid_016,2167.7409977324264,130065.95986394558,2170.7409977324264
0.0027961408423430576,MER_Confid_016,2167.7809977324264,130068.35986394559,2170.7809977324264
0.006318008035740241,MER_Confid_016,2167.8209977324263,130070.75986394558,2170.8209977324263
0.004687551113176133,MER_Confid_016,2167.8609977324263,130073.15986394558,2170.8609977324263
0.003843317434017171,MER_Confid_016,2167.9009977324263,130075.55986394557,2170.9009977324263
0.001943878956442507,MER_Confid_016,2167.9409977324262,130077.95986394558,2170.9409977324262
0.00343874252256946,MER_Confid_016,2167.980997732426,130080.35986394557,2170.980997732426
0.0016656916150568882,MER_Confid_016,2168.020997732426,130082.75986394557,2171.020997732426
0.0025710820560328218,MER_Confid_016,2168.060997732426,130085.15986394556,2171.060997732426
0.0024483816068694626,MER_Confid_016,2168.100997732426,130087.55986394557,2171.100997732426
0.004168965540755334,MER_Confid_016,2168.1409977324265,130089.9598639456,2171.1409977324265
0.001856140058071709,MER_Confid_016,2168.1809977324265,130092.35986394559,2171.1809977324265
0.007251496561027959,MER_Confid_016,2168.2209977324264,130094.75986394558,2171.2209977324264
0.007700187686672276,MER_Confid_016,2168.2609977324264,130097.15986394559,2171.2609977324264
0.0027636044591287157,MER_Confid_016,2168.3009977324264,130099.55986394559,2171.3009977324264
0.0023047960481591386,MER_Confid_016,2168.3409977324263,130101.95986394558,2171.3409977324263
0.003793683597819186,MER_Confid_016,2168.3809977324263,130104.35986394557,2171.3809977324263
0.001702434356068606,MER_Confid_016,2168.4209977324263,130106.75986394557,2171.4209977324263
0.0030252418562991376,MER_Confid_016,2168.460997732426,130109.15986394558,2171.460997732426
0.0093322410292747,MER_Confid_016,2168.500997732426,130111.55986394557,2171.500997732426
0.009339147346896854,MER_Confid_016,2168.540997732426,130113.95986394557,2171.540997732426
0.01520514990634212,MER_Confid_016,2168.580997732426,130116.35986394557,2171.580997732426
0.015679826100718608,MER_Confid_016,2168.6209977324265,130118.7598639456,2171.6209977324265
0.013618649354752273,MER_Confid_016,2168.6609977324265,130121.15986394559,2171.6609977324265
0.006878372878825595,MER_Confid_016,2168.7009977324265,130123.55986394559,2171.7009977324265
0.004029923847083634,MER_Confid_016,2168.7409977324264,130125.95986394558,2171.7409977324264
0.004212976405362859,MER_Confid_016,2168.7809977324264,130128.35986394559,2171.7809977324264
0.001821106904807644,MER_Confid_016,2168.8209977324263,130130.75986394558,2171.8209977324263
0.0030855365445739795,MER_Confid_016,2168.8609977324263,130133.15986394558,2171.8609977324263
0.011465540696562079,MER_Confid_016,2168.9009977324263,130135.55986394557,2171.9009977324263
0.0049853689120650324,MER_Confid_016,2168.9409977324262,130137.95986394558,2171.9409977324262
0.003415126114061393,MER_Confid_016,2168.980997732426,130140.35986394557,2171.980997732426
0.0033233780316517096,MER_Confid_016,2169.020997732426,130142.75986394557,2172.020997732426
0.009745826715600222,MER_Confid_016,2169.060997732426,130145.15986394556,2172.060997732426
0.00919014227158098,MER_Confid_016,2169.100997732426,130147.55986394557,2172.100997732426
0.017100690346359942,MER_Confid_016,2169.1409977324265,130149.9598639456,2172.1409977324265
0.038284072256005615,MER_Confid_016,2169.1809977324265,130152.35986394559,2172.1809977324265
0.04457923163286081,MER_Confid_016,2169.2209977324264,130154.75986394558,2172.2209977324264
0.05039483362689044,MER_Confid_016,2169.2609977324264,130157.15986394559,2172.2609977324264
0.04907787038937714,MER_Confid_016,2169.3009977324264,130159.55986394559,2172.3009977324264
0.06571007078007116,MER_Confid_016,2169.3409977324263,130161.95986394558,2172.3409977324263
0.01968386799450266,MER_Confid_016,2169.3809977324263,130164.35986394557,2172.3809977324263
0.028480087649241287,MER_Confid_016,2169.4209977324263,130166.75986394557,2172.4209977324263
0.028050599176021138,MER_Confid_016,2169.460997732426,130169.15986394558,2172.460997732426
0.013163686518131008,MER_Confid_016,2169.500997732426,130171.55986394557,2172.500997732426
0.01055682406074901,MER_Confid_016,2169.540997732426,130173.95986394557,2172.540997732426
0.009390715811374337,MER_Confid_016,2169.580997732426,130176.35986394557,2172.580997732426
0.028794944684206476,MER_Confid_016,2169.6209977324265,130178.7598639456,2172.6209977324265
0.05301946160644253,MER_Confid_016,2169.6609977324265,130181.15986394559,2172.6609977324265
0.015504490824290524,MER_Confid_016,2169.7009977324265,130183.55986394559,2172.7009977324265
0.01644543571107979,MER_Confid_016,2169.7409977324264,130185.95986394558,2172.7409977324264
0.03112653305218308,MER_Confid_016,2169.7809977324264,130188.35986394559,2172.7809977324264
0.042864227335792524,MER_Confid_016,2169.8209977324263,130190.75986394558,2172.8209977324263
0.04727839958897534,MER_Confid_016,2169.8609977324263,130193.15986394558,2172.8609977324263
0.0426958221080102,MER_Confid_016,2169.9009977324263,130195.55986394557,2172.9009977324263
0.05659055287724181,MER_Confid_016,2169.9409977324262,130197.95986394558,2172.9409977324262
0.0655028093588925,MER_Confid_016,2169.980997732426,130200.35986394557,2172.980997732426
0.04555500458505124,MER_Confid_016,2170.020997732426,130202.75986394557,2173.020997732426
0.030309248570117065,MER_Confid_016,2170.060997732426,130205.15986394556,2173.060997732426
0.07917351763437429,MER_Confid_016,2170.100997732426,130207.55986394557,2173.100997732426
0.041093538393702535,MER_Confid_016,2170.1409977324265,130209.9598639456,2173.1409977324265
0.025235510824054983,MER_Confid_016,2170.1809977324265,130212.35986394559,2173.1809977324265
0.08368006082014841,MER_Confid_016,2170.2209977324264,130214.75986394558,2173.2209977324264
0.1751587829711579,MER_Confid_016,2170.2609977324264,130217.15986394559,2173.2609977324264
0.08711637765027615,MER_Confid_016,2170.3009977324264,130219.55986394559,2173.3009977324264
0.03327179647903091,MER_Confid_016,2170.3409977324263,130221.95986394558,2173.3409977324263
0.04254759084874682,MER_Confid_016,2170.3809977324263,130224.35986394557,2173.3809977324263
0.0702840331151693,MER_Confid_016,2170.4209977324263,130226.75986394557,2173.4209977324263
0.038718683917513194,MER_Confid_016,2170.460997732426,130229.15986394558,2173.460997732426
0.10549302586948861,MER_Confid_016,2170.500997732426,130231.55986394557,2173.500997732426
0.16801554335011346,MER_Confid_016,2170.540997732426,130233.95986394557,2173.540997732426
0.1235281013454519,MER_Confid_016,2170.580997732426,130236.35986394557,2173.580997732426
0.14361517267848206,MER_Confid_016,2170.6209977324265,130238.7598639456,2173.6209977324265
0.19946236770008724,MER_Confid_016,2170.6609977324265,130241.15986394559,2173.6609977324265
0.29615475579725753,MER_Confid_016,2170.7009977324265,130243.55986394559,2173.7009977324265
0.08981559339064583,MER_Confid_016,2170.7409977324264,130245.95986394558,2173.7409977324264
0.06563474549942434,MER_Confid_016,2170.7809977324264,130248.35986394559,2173.7809977324264
0.1874328589265418,MER_Confid_016,2170.8209977324263,130250.75986394558,2173.8209977324263
0.13795317827720582,MER_Confid_016,2170.8609977324263,130253.15986394558,2173.8609977324263
0.23900122614622216,MER_Confid_016,2170.9009977324263,130255.55986394557,2173.9009977324263
0.25540462690367594,MER_Confid_016,2170.9409977324262,130257.95986394558,2173.9409977324262
0.3867143384894176,MER_Confid_016,2170.980997732426,130260.35986394557,2173.980997732426
0.5327510470911131,MER_Confid_016,2171.020997732426,130262.75986394557,2174.020997732426
0.756620229035258,MER_Confid_016,2299.085986394558,137946.65918367347,2302.085986394558
0.5281475439190073,MER_Confid_016,2299.125986394558,137949.05918367347,2302.125986394558
0.6373266070940172,MER_Confid_016,2299.165986394558,137951.45918367346,2302.165986394558
0.4151299492157505,MER_Confid_016,2299.205986394558,137953.85918367346,2302.205986394558
0.5821747431149209,MER_Confid_016,2299.245986394558,137956.25918367348,2302.245986394558
0.34457873020991314,MER_Confid_016,2299.2859863945578,137958.65918367347,2302.2859863945578
0.5418460936769437,MER_Confid_016,2299.3259863945577,137961.05918367347,2302.3259863945577
0.6186904770725211,MER_Confid_016,2299.3659863945577,137963.45918367346,2302.3659863945577
0.14429585937969439,MER_Confid_016,2299.4059863945577,137965.85918367346,2302.4059863945577
0.4047102846787841,MER_Confid_016,2299.4459863945576,137968.25918367345,2302.4459863945576
0.2610525732135926,MER_Confid_016,2299.485986394558,137970.65918367347,2302.485986394558
0.3719901981304974,MER_Confid_016,2299.525986394558,137973.05918367347,2302.525986394558
0.44730088050544736,MER_Confid_016,2299.565986394558,137975.4591836735,2302.565986394558
0.34184074235328527,MER_Confid_016,2542.012993197279,152522.27959183673,2545.012993197279
0.2739261061939055,MER_Confid_016,2542.0529931972787,152524.67959183673,2545.0529931972787
0.07753107108812944,MER_Confid_016,2542.0929931972787,152527.07959183672,2545.0929931972787
0.1900716326750425,MER_Confid_016,2542.132993197279,152529.47959183675,2545.132993197279
0.2761221615424692,MER_Confid_016,2542.172993197279,152531.87959183674,2545.172993197279
0.22278231917413904,MER_Confid_016,2542.212993197279,152534.27959183673,2545.212993197279
0.42333228975823844,MER_Confid_016,2542.252993197279,152536.67959183673,2545.252993197279
0.5490805030070413,MER_Confid_016,2542.292993197279,152539.07959183675,2545.292993197279
0.358096398084173,MER_Confid_016,2542.332993197279,152541.47959183675,2545.332993197279
0.3129585611302845,MER_Confid_016,2542.372993197279,152543.87959183674,2545.372993197279
0.36686766045396135,MER_Confid_016,2542.412993197279,152546.27959183673,2545.412993197279
0.25633299187172176,MER_Confid_016,2542.452993197279,152548.67959183673,2545.452993197279
0.09265943051644449,MER_Confid_016,2542.492993197279,152551.07959183672,2545.492993197279
0.21265946974452665,MER_Confid_016,2542.5329931972788,152553.47959183672,2545.5329931972788
0.42735364273213255,MER_Confid_016,2542.5729931972787,152555.8795918367,2545.5729931972787
0.1385448406028261,MER_Confid_016,2542.612993197279,152558.27959183673,2545.612993197279
0.1262502637914042,MER_Confid_016,2542.652993197279,152560.67959183676,2545.652993197279
0.5561306625248829,MER_Confid_016,2542.692993197279,152563.07959183675,2545.692993197279
0.5676119589804588,MER_Confid_016,2542.732993197279,152565.47959183675,2545.732993197279
0.4294288463734793,MER_Confid_016,2542.772993197279,152567.87959183674,2545.772993197279
0.6052875980427346,MER_Confid_016,2542.812993197279,152570.27959183673,2545.812993197279
0.6865042127034461,MER_Confid_016,2542.852993197279,152572.67959183673,2545.852993197279
0.7632352639812239,MER_Confid_016,2542.892993197279,152575.07959183672,2545.892993197279
0.4778108137387351,MER_Confid_016,2542.932993197279,152577.47959183675,2545.932993197279
0.8514313453467252,MER_Confid_016,2542.972993197279,152579.87959183674,2545.972993197279
0.8881692743755544,MER_Confid_016,2543.012993197279,152582.27959183673,2546.012993197279
0.8514948937677425,MER_Confid_016,2543.0529931972787,152584.67959183673,2546.0529931972787
0.8489344821618957,MER_Confid_016,2543.0929931972787,152587.07959183672,2546.0929931972787
0.8805717328919505,MER_Confid_016,2543.132993197279,152589.47959183675,2546.132993197279
0.8390203926803285,MER_Confid_016,2543.172993197279,152591.87959183674,2546.172993197279
0.7172536766417034,MER_Confid_016,2543.212993197279,152594.27959183673,2546.212993197279
0.7509069793628527,MER_Confid_016,2543.252993197279,152596.67959183673,2546.252993197279
0.7374173617258095,MER_Confid_016,2543.292993197279,152599.07959183675,2546.292993197279
0.6092936899511474,MER_Confid_016,2543.332993197279,152601.47959183675,2546.332993197279
0.7407190025281595,MER_Confid_016,2543.372993197279,152603.87959183674,2546.372993197279
0.38629439690252926,MER_Confid_016,2543.412993197279,152606.27959183673,2546.412993197279
0.6129301868080398,MER_Confid_016,2543.452993197279,152608.67959183673,2546.452993197279
0.30640426418805844,MER_Confid_016,2543.492993197279,152611.07959183672,2546.492993197279
0.13801838437734096,MER_Confid_016,2543.5329931972788,152613.47959183672,2546.5329931972788
0.3333728747120251,MER_Confid_016,2543.5729931972787,152615.8795918367,2546.5729931972787
0.4497662095619122,MER_Confid_016,2543.612993197279,152618.27959183673,2546.612993197279
0.6154573653310962,MER_Confid_016,2543.652993197279,152620.67959183676,2546.652993197279
0.3988981249399492,MER_Confid_016,2543.692993197279,152623.07959183675,2546.692993197279
0.289741161724765,MER_Confid_016,2543.732993197279,152625.47959183675,2546.732993197279
0.63951422008143,MER_Confid_016,2543.772993197279,152627.87959183674,2546.772993197279
0.3211707371856566,MER_Confid_016,2543.812993197279,152630.27959183673,2546.812993197279
0.06368478265258554,MER_Confid_016,1121.95,67318.5,1124.95
0.14365724870605331,MER_Confid_016,1121.99,67320.9,1124.99
0.0932531115589947,MER_Confid_016,1122.03,67323.3,1125.03
0.42974952410137535,MER_Confid_016,1122.07,67325.7,1125.07
0.13528667728547294,MER_Confid_016,1122.11,67328.09999999999,1125.11
0.08107843679159885,MER_Confid_016,1122.15,67330.5,1125.15
0.06736516362121,MER_Confid_016,1122.19,67332.90000000001,1125.19
0.0378241682005978,MER_Confid_016,1122.23,67335.3,1125.23
0.04178317306032717,MER_Confid_016,1122.27,67337.7,1125.27
0.07693606166067406,MER_Confid_016,1122.31,67340.09999999999,1125.31
0.08715585616692825,MER_Confid_016,1122.35,67342.5,1125.35
0.0770004784053008,MER_Confid_016,1122.39,67344.90000000001,1125.39
0.10879029945792694,MER_Confid_016,1122.43,67347.3,1125.43
0.11658085736121362,MER_Confid_016,1122.47,67349.7,1125.47
0.1354176502066338,MER_Confid_016,1122.51,67352.1,1125.51
0.05927320608204503,MER_Confid_016,1122.55,67354.5,1125.55
0.023476094496065216,MER_Confid_016,1122.59,67356.9,1125.59
0.0484929985714499,MER_Confid_016,1122.63,67359.3,1125.63
0.00400447872526395,MER_Confid_016,1122.67,67361.70000000001,1125.67
0.003684594194324605,MER_Confid_016,1122.71,67364.1,1125.71
0.0018457884556231181,MER_Confid_016,1122.75,67366.5,1125.75
0.00536649046096124,MER_Confid_016,1122.79,67368.9,1125.79
0.053698187031996254,MER_Confid_016,1122.83,67371.29999999999,1125.83
0.0037583428129077177,MER_Confid_016,1122.87,67373.7,1125.87
0.005205909259603347,MER_Confid_016,1122.91,67376.1,1125.91
0.012853174009487501,MER_Confid_016,1122.95,67378.5,1125.95
0.0012829878940184432,MER_Confid_016,1122.99,67380.9,1125.99
0.002136019342088338,MER_Confid_016,1123.03,67383.3,1126.03
0.0024329540413998846,MER_Confid_016,1123.07,67385.7,1126.07
0.017246461911730168,MER_Confid_016,1123.11,67388.09999999999,1126.11
0.016798444011207666,MER_Confid_016,1123.15,67390.5,1126.15
0.012677700137923699,MER_Confid_016,1123.19,67392.90000000001,1126.19
0.012221503548007146,MER_Confid_016,1123.23,67395.3,1126.23
